{
  "VNM.25_1": [10.781775, 106.693340],
  "VNM.32_1": [12.310702, 109.004585],
  "VNM.57_1": [20.048258, 105.504447],
  "VNM.27_1": [21.021009, 105.727314]
}